call_id,customer_id,call_date,call_time,agent_id,agent_name,primary_scenario,call_transcript,overall_rating,call_successful,customer_monthly_spend,customer_service_count,customer_issue_history
CALL_000001,C00008949,2025-07-06,08:34,agent_005,Lisa Wang,contract_renewal,"**TriLink Telecom Customer Service Call Transcript**

**Date:** 2025-07-06
**Agent:** Lisa Wang (agent_005) - Sales Specialist (Experience: 0.6/1.0)
**Customer:** Customer ID: C00008949 (16 years old, Low Income, Mobile: Limited_10GB - 1 line - $55/month, 6 recent data overages, 6 service issues history)
**Call Reason:** Contract expiration and renewal discussions

---

**[Call Initiated - 00:00]**

**Agent Lisa Wang:** Thank you for calling TriLink Telecom, my name is Lisa. How can I assist you today?

**Customer (C00008949):** Uh, yeah, hey. My contract, like, for my phone? It's ending soon, I think. And honestly, I'm just sick of it.

**Agent Lisa Wang:** Okay, I understand. I can definitely look into your contract details for you. Can I please get your full name and the phone number associated with your account?

**Customer:** It's uh, Alex Rodriguez. And my number is 555-123-4567.

**Agent Lisa Wang:** Thank you, Alex. And for security purposes, could you please confirm your date of birth?

**Customer:** July 15th, 2008.

**Agent Lisa Wang:** (Typing sounds) Alright, Alex. I've located your account, C00008949. My system shows your current Mobile Limited_10GB plan is set to expire on July 20th. Is that correct?

**Customer:** Yeah, that's what I thought. But honestly, I'm kinda dreading it. I'm always going over my data. Like, *always*. My mom gets so mad about the bill. It's supposed to be $55, but it's never just $55.

**Agent Lisa Wang:** (Slight pause) I see. So, you're experiencing frequent data overages with your current 10GB plan? Let me just pull up your recent usage. (Typing sounds) Okay, Alex, my records indicate that in the last six months, your account has incurred data overage charges on six separate occasions.

**Customer:** See? Six times! That's, like, every month! I'm not even doing that much. Just scrolling TikTok, watching some YouTube, maybe some Netflix if I'm on the bus. How can 10GB not be enough? It's ridiculous.

**Agent Lisa Wang:** I understand your frustration, Alex. Data consumption can add up quickly, especially with streaming video and social media applications. When your plan reaches its 10GB limit, you're charged an additional fee for any data used beyond that, which explains why your bill exceeds the $55 base rate.

**Customer:** But it's not fair! I try to be careful, I really do. My mom's on a tight budget, and these extra charges are a huge problem. We've called about this before, like, a bunch of times. Nothing ever changes.

**Agent Lisa Wang:** (Scanning notes) I'm reviewing your account history, and I do see a few notes regarding past inquiries about data usage and billing concerns. I apologize if you feel those issues weren't fully resolved. As a sales specialist, my primary role is to help customers find the best plan for their needs, especially with your contract coming to an end.

**Customer:** Yeah, but a ""better plan"" probably means more money, right? We can't afford that. My mom said I need to figure this out or she's just going to cancel my line and I'll have to use Wi-Fi all the time.

**Agent Lisa Wang:** Well, Alex, the goal is to find a plan that better suits your actual usage without causing unexpected charges, which can sometimes be more cost-effective in the long run. If you're consistently going over 10GB, a plan with a higher data allowance might actually save you money compared to paying those overage fees every month.

**Customer:** What are my options then? Like, how much more is it going to be?

**Agent Lisa Wang:** Let's take a look. Currently, you're on our Limited_10GB plan for $55. We have a couple of popular options for renewals. Our most common upgrade for customers experiencing overages is our Unlimited_20GB plan. That plan is $70 a month, which includes 20 gigabytes of high-speed data. After that, speeds are reduced, but you won't incur any overage charges.

**Customer:** (Sigh) $70? That's, like, fifteen bucks more. My mom is going to say no way.

**Agent Lisa Wang:** I understand that's an increase, Alex. However, considering your past six months of overages, let's estimate. Each overage charge is typically around $10 for an additional gigabyte or so. If you're consistently paying $10-20 extra, that new $70 plan might actually be comparable or even cheaper than your current plan plus overages. Plus, you'd have the peace of mind of not having surprise charges.

**Customer:** But what if 20GB isn't enough either? Then it's just more expensive for the same problem. Or if I still need more, then what?

**Agent Lisa Wang:** That's a valid concern. With the 20GB plan, once you reach that limit, your data speeds are simply reduced until your next billing cycle. You won't be charged extra. It's designed to prevent those unexpected costs. If you find even 20GB isn't enough, we do have our Premium Unlimited plan, which offers truly unlimited high-speed data, but that starts at $90 a month.

**Customer:** No way, $90 is definitely out. Even $70 is pushing it. Is there, like, anything else? What about just, like, getting rid of the overage charges on my old bill? Or a discount for being a customer for so long?

**Agent Lisa Wang:** (A beat of silence, then a more formal tone) Alex, regarding past overage charges, as per our terms of service, those charges are legitimate as per your data usage. While I can't retrospectively adjust past bills directly from my department, my main focus is to prevent future charges. As for discounts, the $70 rate for the Unlimited_20GB plan already reflects our standard renewal pricing. We sometimes have promotional offers, let me just check... (Typing sounds) My system isn't showing any specific promotional discounts available for your account type at this exact moment.

**Customer:** So, basically, I just have to pay more if I want to stop getting charged more? This sucks. I just want my phone to work without costing a fortune. I really like TriLink, but this is getting ridiculous.

**Agent Lisa Wang:** I truly hear your frustration, Alex. My best recommendation, based on your consistent data usage, would be to switch to the Unlimited_20GB plan for $70. It provides significantly more data, and the reduced speeds after 20GB mean you won't face any more surprise overage charges. It's our most popular option for managing higher data needs. We could get that set up for your renewal, and it would start with your next billing cycle after July 20th.

**Customer:** (Long sigh) Ugh. Can you send me the details in an email or something? I need to talk to my mom about it. She's going to freak out about the $70.

**Agent Lisa Wang:** Absolutely, I can send you an email summarizing the Unlimited_20GB plan at $70/month. Would you like me to send it to the email address on file, which ends in `***@gmail.com`?

**Customer:** Yeah, that's fine.

**Agent Lisa Wang:** Excellent. I've just sent that over for your review. Please discuss it with your mother. If you decide to proceed, or if you have any more questions, please feel free to call us back, or you can manage your plan change online through your TriLink account portal before your contract expires on July 20th.

**Customer:** Okay. Thanks, I guess.

**Agent Lisa Wang:** You're most welcome, Alex. Is there anything else I can assist you with today, regarding your service or renewal?

**Customer:** No, I think that's it. Just... wish it was easier.

**Agent Lisa Wang:** I understand. We're here to help you find a solution that works. Thank you for calling TriLink Telecom, and have a good day.

**Customer:** You too. Bye.

**[Call Ended - 00:09:45]**",5,False,55,1,6
CALL_000002,C00069465,2025-08-22,09:11,agent_007,Jennifer Davis,billing_inquiry,"**TriLink Telecom Customer Service Call Transcript**

**Date:** 2025-08-22
**Agent:** Jennifer Davis (agent_007)
**Customer:** Mr. David Chen (Customer ID: C00069465)

**(Call starts with standard IVR prompts and hold music, then transfers to Agent)**

**Agent Jennifer:** Thank you for calling TriLink Telecom, my name is Jennifer. How can I help you today, Mr. Chen?

**Customer Chen:** (Slightly impatient tone) Yes, Jennifer, thank you. This is David Chen, customer ID C00069465. I’m looking at my latest bill, the one for August, and frankly, I’m quite fed up. It’s significantly higher than it should be, and honestly, after the issues I’ve been having, it’s just unacceptable.

**Agent Jennifer:** I understand, Mr. Chen. I'm sorry to hear you're feeling frustrated. Let me pull up your account here with that ID. C-0-0-0-6-9-4-6-5... Okay, I have your account pulled up, David Chen. I see your Premium_Gig internet, your Unlimited_Standard mobile plan with four lines, and your home security monitoring. Your usual monthly total is around $501, is that correct?

**Customer Chen:** That's right. But this bill for August just hit my account, and it's $546. I don't understand where this extra $45 has come from. There shouldn't be any new charges. In fact, if anything, I expected a credit, not an increase!

**Agent Jennifer:** Let me look into the charges for this current billing cycle. (Typing sounds) Okay, Mr. Chen, I'm reviewing the detailed breakdown for your August bill. I see your Premium_Gig internet at $106, your mobile plan at $231, and the security monitoring charge. And yes, there's an additional charge listed as 'Service Visit Fee - Internet Troubleshooting' for $45, dated August 1st.

**Customer Chen:** A service visit fee? Are you serious? That visit on August 1st was because my internet was completely dead! That was the second outage in less than three weeks! I shouldn't be charged for TriLink fixing their own unreliable service. That's absurd.

**Agent Jennifer:** I see the note here about the service technician visit on August 1st to address an internet connectivity issue. The system indicates that a technician was dispatched and the issue was resolved on site. Generally, service visit fees are applied when the issue is determined to be within the customer's home equipment or wiring, or when a dispatched technician is required.

**Customer Chen:** My equipment is fine, Jennifer. The technician confirmed it was an external network issue initially, and then something with the line coming into the house that they had to replace. This wasn't my fault. And let's not forget the previous outage on July 15th that lasted for six hours! I've already called in about that one, and I was promised a credit. I don't see any credit on this bill either.

**Agent Jennifer:** (Pauses, looking through notes) Okay, Mr. Chen, I am seeing a note from a previous interaction on July 16th regarding an internet outage. It indicates that a credit was requested for the service interruption. Let me check the credit history. (More typing) Yes, I see a credit for $10 applied to your September bill, for the July 15th outage.

**Customer Chen:** Ten dollars? For a six-hour outage on a 1000 Mbps plan that costs me over a hundred bucks a month? That's barely anything! And that $45 service fee is still there, for fixing an issue that should have been covered by my monthly payment. I run a business from home; these outages are costing me time and money. My service history shows two recent complaints, and now you want to charge me more?

**Agent Jennifer:** I understand your frustration, Mr. Chen. The $10 credit is calculated based on the prorated daily rate for the duration of the service interruption, as per our service agreement. Regarding the $45 service fee, the notes indicate the issue was with the external line connection to your home, which required a technician. While network-wide outages are typically credited, individual service visits sometimes incur a fee depending on the diagnosis.

**Customer Chen:** That's a ridiculous policy when the ""individual service visit"" is directly caused by a failing TriLink component or line! I'm paying for a premium service, and I expect it to work, not to be nickel-and-dimed when it doesn't. Can you please remove this $45 charge? And honestly, a $10 credit for the July 15th outage is insufficient.

**Agent Jennifer:** Mr. Chen, as a billing specialist, I can definitely review the charges. I understand your perspective on the service visit fee. Let me see what I can do. (Typing) I can waive fifty percent of that service visit fee for you today as a one-time courtesy, bringing it down to $22.50. This will be applied to your September bill, along with the $10 outage credit.

**Customer Chen:** (Exasperated sigh) So, my current bill will still be $546, and then next month, it'll be $501 minus $32.50? That's not good enough, Jennifer. I want the entire $45 fee removed. And frankly, the $10 credit is a joke. I've been a loyal customer for years, I spend over $500 a month with TriLink, and I'm constantly dealing with service issues. This isn't how you treat a premium customer.

**Agent Jennifer:** I appreciate your loyalty, Mr. Chen, and I do see your long tenure with us. My system shows my limit for waiving that specific service fee is 50%. For a full waiver, or a higher outage credit, it would require a review by a supervisor. I can certainly submit a request for a supervisor to review the remaining $22.50 fee and the outage credit for you. They would then review your service history and policy exceptions and get back to you within 3-5 business days.

**Customer Chen:** Another call? More waiting? This is exactly what I mean. I just want my bill to be correct and fair. I don't have time for this back-and-forth. This is incredibly frustrating. So, for now, this $546 bill is what I have to pay?

**Agent Jennifer:** Yes, Mr. Chen, the current bill amount is due. Any approved adjustments from a supervisor would be applied to your subsequent bill. I can certainly process the 50% waiver I mentioned right now, which would be an immediate action on my part for your September bill, or I can escalate the entire concern to a supervisor. Which would you prefer?

**Customer Chen:** (Long pause) Just escalate it, Jennifer. I want someone to actually look at my account properly. Two outages, two complaints, and now an unfair charge. And please make sure they understand that $10 for a six-hour outage on a gigabit connection is completely unacceptable.

**Agent Jennifer:** I will make sure to document all your concerns in detail for the supervisor review, Mr. Chen, including your dissatisfaction with the outage credit amount and the remaining service visit fee. I'll flag it as urgent. You can expect a call back from a supervisor within 3 to 5 business days, usually sooner. Is there anything else I can assist you with regarding your bill today?

**Customer Chen:** No, that's all, Jennifer. Just... please make sure they call me. I don't want to chase this again.

**Agent Jennifer:** I understand. The escalation has been submitted. Thank you for calling TriLink Telecom, Mr. Chen, and I hope we can get this resolved for you quickly.

**Customer Chen:** Thanks. (Hangs up abruptly)

**Agent Jennifer:** (To herself) ...You're welcome. (Call ends)",4,False,501,3,2
CALL_000003,C00054967,2025-07-03,13:23,agent_003,Maria Rodriguez,billing_inquiry,"**Call Transcript**

**Date:** 2025-07-03
**Time:** 10:17 AM EST
**Agent:** Maria Rodriguez (agent_003)
**Customer:** Mr. Peterson (C00054967)

**(Call starts with standard IVR prompts and hold music, followed by agent connection)**

**Maria Rodriguez:** Thank you for calling TriLink Telecom, my name is Maria. How can I assist you today?

**Mr. Peterson:** Yes, hello Maria. My name is Mark Peterson, and I'm calling about my latest bill. I just got it, and frankly, I'm pretty annoyed.

**Maria Rodriguez:** I understand, Mr. Peterson. I can definitely help with billing inquiries. Can I please have your account number or the phone number associated with your account so I can pull up your details?

**Mr. Peterson:** Sure, it's C00054967. My phone number is 555-234-7890.

**Maria Rodriguez:** Thank you, Mr. Peterson. Just a moment while I access your account. (Typing sounds) Alright, I see your account here, Mark Peterson. You're subscribed to our Standard_100 internet plan at $68 a month, is that correct?

**Mr. Peterson:** That's right. And that's exactly what I want to talk about. My bill came in at $75. It shows a $68 service charge, which is what I expect, but then there's a $7 late fee. And what's more, there's no credit for the outage I experienced last month!

**Maria Rodriguez:** I see. Let me look into those charges for you. (Typing sounds) I'm pulling up your latest statement now, dated July 1st. Okay, yes, I do see a $7 late payment fee applied. It indicates that your previous payment, due on June 1st for the May service period, was received on June 5th. This triggered the late fee per our terms of service.

**Mr. Peterson:** June 5th? That can't be right. I pay my bill online, usually a few days before it's due. I'm very careful about that. Are you sure you're seeing the correct payment date?

**Maria Rodriguez:** Yes, Mr. Peterson, the system shows the payment for your May service period, totaling $68, was processed and posted to your account on June 5th. If you paid online, the processing time can sometimes vary slightly, but it generally reflects when the payment was actually received by us. Did you receive a confirmation email with a different date?

**Mr. Peterson:** (Sighs) I... I'd have to check my emails, but I'm positive I paid it on time. This is very frustrating. And what about the internet outage? I called in about that. My service was down for hours. There's no credit whatsoever.

**Maria Rodriguez:** Let me check your service history. (Typing sounds) I see a reported service interruption on June 15th, at approximately 2:30 PM, for your address. The system shows that service was restored by 10:45 PM that same evening. Is that the outage you're referring to?

**Mr. Peterson:** Yes, that's exactly it. My internet was out for almost eight hours. I work from home sometimes, and it completely disrupted my day. That's a significant amount of downtime for a service I pay $68 a month for.

**Maria Rodriguez:** I understand your frustration with the service interruption, Mr. Peterson. I'm showing that the outage on June 15th lasted for about eight hours and fifteen minutes. Our policy for automatic service credits typically applies to outages that exceed twelve consecutive hours within a single billing cycle, or for widespread network issues affecting a larger area. While the system doesn't automatically generate a credit for this particular duration, I can see that you have a good payment history and have been a long-standing customer.

**Mr. Peterson:** So, what you're telling me is that because it was *only* eight hours, I just have to eat it? And I'm getting hit with a late fee I don't think I owe? This is not good customer service, Maria. TriLink used to be much better. I've had one outage already this year, and now this.

**Maria Rodriguez:** I hear your concern, Mr. Peterson. Regarding the outage, while it didn't meet the automatic threshold, as a one-time courtesy, I can submit a request for a discretionary credit for the June 15th outage. If approved, it would be a prorated amount for the downtime. It usually takes 3-5 business days for our billing review team to process such requests, and if approved, it would appear on your next billing statement.

**Mr. Peterson:** A *request*? So it's not even guaranteed? And I have to wait another month to see it? This is unacceptable. My service was out, I was inconvenienced. It should just be credited.

**Maria Rodriguez:** I understand your expectation, Mr. Peterson. As a billing specialist, I can initiate the request, but the final approval for discretionary credits rests with a specialized team to ensure fairness across all customer accounts. I'll make sure to note your frustration and the impact on your work in the request. For the late fee, unfortunately, based on the timestamp of the payment receipt, it was indeed after the due date. I cannot manually remove a late fee if the payment was truly received late as per our system.

**Mr. Peterson:** (Exasperated) I really feel like I'm being put through the wringer here. I'm telling you I paid on time. And eight hours of no internet is eight hours of no internet, regardless of some arbitrary ""12-hour policy."" Is there someone else I can speak to about this? This isn't getting resolved.

**Maria Rodriguez:** Mr. Peterson, I understand you're not satisfied with the explanation. My apologies that I cannot directly remove the late fee from this current statement. For the outage credit, I can certainly submit the request for you right now, and I'll include all the details we discussed. If you'd like to dispute the late payment date further, you would need to provide proof of payment processing prior to June 1st. I can also try to connect you with a supervisor, but they would largely reiterate the same policies regarding payment processing and automatic credit thresholds.

**Mr. Peterson:** (Pauses, deep breath) Look, just submit the credit request for the outage. I'll dig through my emails for that payment confirmation, but honestly, this is becoming a hassle. I've been a TriLink customer for years, and this kind of nickel-and-diming is making me consider other options.

**Maria Rodriguez:** I'm truly sorry to hear that, Mr. Peterson. I've documented your concerns about the late fee and the outage policy. I have now submitted the discretionary credit request for the June 15th outage. You will receive an email confirmation of this request within 24 hours. Again, please allow 3-5 business days for the review, and if approved, the credit will reflect on your August bill. Is there anything else I can help you with today?

**Mr. Peterson:** No, I suppose not. Just... please make sure that credit actually comes through. And TriLink really needs to re-evaluate these policies.

**Maria Rodriguez:** I will ensure the request is properly submitted with all your details, Mr. Peterson. Thank you for bringing your concerns to our attention. Is there anything else I can assist you with before we end the call?

**Mr. Peterson:** No. That's all for now.

**Maria Rodriguez:** Thank you for calling TriLink Telecom, and please have a good day.

**Mr. Peterson:** You too. (Disconnects)

**(Call ends)**",5,False,68,1,1
CALL_000004,C00030027,2025-08-25,14:29,agent_004,James Thompson,payment_assistance,"**Call Transcript**

**Date:** 2025-08-25
**Time:** 14:17 PST
**Agent:** James Thompson (agent_004, Retention Specialist)
**Customer ID:** C00030027 (Account Holder: Sarah Jenkins)
**Call Reason:** Payment Arrangements

***

**(Call Connects - Ambient ringing/hold music fades)**

**Agent (James):** Thank you for calling TriLink Telecom, my name is James. How can I assist you today?

**Customer (Liam):** Uh, hi. Yeah, I need some help with our bill. My mom asked me to call.

**Agent (James):** Okay, no problem at all. To access the account, could you please provide the primary account holder's full name and the phone number associated with the account?

**Customer (Liam):** Yeah, it's Sarah Jenkins, and the number is 555-789-1234.

**Agent (James):** Thank you, Liam. Just a moment while I pull that up for you. *(Typing sounds)* Okay, I see the account for Sarah Jenkins, customer ID C00030027. Before we go further, can I just confirm your relationship to the account holder?

**Customer (Liam):** I'm her son, Liam. I’m 16. She said I could call.

**Agent (James):** Thanks for clarifying, Liam. I understand you're calling about the bill. What seems to be the issue?

**Customer (Liam):** Well, we got the bill, and it's due really soon, like, the 28th. And my mom's just... things are really tight right now. She had to take some time off work, and we just don't have the money for the full $60 this month. We were hoping we could maybe pay it later, or like, pay part of it?

**Agent (James):** I understand, Liam. I'm sorry to hear that things are tight for your family. Let me look into the account details for you. *(Typing sounds)* Okay, I see the current balance of $60 is due on August 28th. That covers your Basic_25 Internet service at $48 and the Security Monitoring for one device at $12.

**Customer (Liam):** Yeah, that's it. Is there anything we can do? Like, we really can't pay the whole thing by then.

**Agent (James):** I understand the urgency. As a retention specialist, my goal is to help find a solution to keep your services active. Our standard policy for payment arrangements typically allows for a one-time payment extension of up to 14 days, or in some cases, a partial payment with the remaining balance due at a later date. Given your situation, I can explore those options.

**Customer (Liam):** So, like, we could pay it mid-September instead?

**Agent (James):** Yes, a payment extension would push the due date out. Let me see what the system offers for your account. *(Pauses, more typing)* Okay, I can offer an extension until September 11th. That would push the full $60 due date to that time, and avoid any late fees on this current bill. Would that be helpful?

**Customer (Liam):** September 11th... hmm. I don't know if that's enough time. My mom usually gets paid bi-weekly, and her next full check isn't until the 15th. Even then, it's really tight with groceries and everything. She was hoping we could maybe pay like half now, and then the rest next month?

**Agent (James):** I see. So, you're looking for a split payment arrangement, with a portion paid now and the remaining balance on a later date beyond the standard extension. Let me just confirm our policy on that. *(Pauses, sounds like he's looking up information)* Typically, for a split payment, we'd require at least 50% of the outstanding balance as an immediate payment to set up the arrangement. If you were to pay $30 now, the remaining $30 could be deferred. However, the system's longest deferral period for the *remaining* amount on a split payment is usually within the same billing cycle.

**Customer (Liam):** Wait, so if we pay $30 now, we'd still have to pay the other $30 really soon? Not next month's bill?

**Agent (James):** That's correct, Liam. For this specific outstanding balance of $60, if we set up a partial payment of $30 today, the remaining $30 would still be due by September 11th, which is the maximum extension I can offer for this particular bill. It essentially works the same as the full extension, just split.

**Customer (Liam):** Oh. That's not really going to help then. It's not that we don't want to pay, it's just really hard right now. And honestly, the internet hasn't even been that great sometimes. We had that one time last month where it was super slow for days.

**Agent (James):** I do see a note on the account from August 1st regarding a speed complaint, and our technician confirmed that a localized network issue was resolved on August 3rd. I apologize for any inconvenience that caused. However, in terms of the billing, that issue was addressed and doesn't directly impact the current charges for service rendered.

**Customer (Liam):** Yeah, but it just feels like we're paying for something that sometimes doesn't even work right, and then we still can't get help when we're struggling to pay. It’s kinda annoying.

**Agent (James):** I understand your frustration, Liam. My apologies again for the service interruption. Regarding the payment, my options are either the full payment extension until September 11th for the $60, or a partial payment of $30 today with the remaining $30 also due by September 11th. We don't currently have a policy that allows deferring part of one month's bill into the next month's statement for the same charge. If a payment isn't made by September 11th, a late fee would apply, and service suspension would be initiated shortly after.

**Customer (Liam):** So, there's no way to just pay like $30 now and then just pay the other $30 on our *next* bill? Like, an extra $30 on the next bill cycle?

**Agent (James):** Unfortunately, no. The system doesn't allow for an outstanding balance from one billing cycle to be rolled into the next as a payment arrangement without it impacting your service or incurring late fees. It treats each bill as a separate cycle that needs to be cleared. We could look at adjusting your plan to lower your *future* monthly bill, if that would help for the long term. For example, if you wanted to change your internet speed or remove the security monitoring.

**Customer (Liam):** No, my mom needs the security, and the internet is already just the basic one. We can't really go slower. So, our only options are pay $60 by September 11th, or $30 now and $30 by September 11th?

**Agent (James):** That's correct, Liam. Those are the options available to me to prevent any service interruption or late fees on this specific bill.

**Customer (Liam):** Ugh. Okay. I guess I'll tell my mom. This isn't really what we were hoping for.

**Agent (James):** I understand, and I wish I could offer a more flexible arrangement for you. If you choose either of the options, I can set that up for you right now. Alternatively, your mom could also explore options directly through her online TriLink account if that's more convenient, or call us back later.

**Customer (Liam):** No, it's fine. I'll just tell her what you said. Thanks, I guess.

**Agent (James):** You're welcome, Liam. Please let us know if you or your mom have any further questions or decide to proceed with an arrangement. Is there anything else I can assist you with today?

**Customer (Liam):** No, that’s it. Bye.

**Agent (James):** Thank you for calling TriLink Telecom, and have a good day.

**(Call disconnects)**",5,False,60,2,1
CALL_000005,C00054273,2025-08-11,11:10,agent_002,David Chen,service_upgrade,"**TriLink Telecom Customer Service Call Transcript**

**Date:** 2025-08-11
**Agent:** David Chen (agent_002) - Technical Specialist
**Customer ID:** C00054273
**Call Reason:** Customer wanting to upgrade their current service plan

---

**(Call begins with a standard automated menu, then transfers to an agent.)**

**Agent David:** Thank you for calling TriLink Telecom, my name is David. How can I assist you today?

**Customer (Mr. Henderson):** Yes, hello David. My name is Robert Henderson, Customer ID C-00054273. I need to do something about my mobile plan. This is just… it’s getting ridiculous.

**Agent David:** Alright, Mr. Henderson. I can certainly help you with that. Can you please confirm the full name on the account and your date of birth for verification?

**Mr. Henderson:** Robert Henderson. And my date of birth is July 15th, 1969.

**Agent David:** Thank you, Mr. Henderson. One moment while I pull up your account.

**(Pause – sound of typing)**

**Agent David:** Okay, Mr. Henderson, I see your account here. You currently have our Limited_10GB plan with four lines, billed at $180 a month. And I'm seeing a high number of recent data overage charges, eight to be exact, within the last three billing cycles. Is that what you're referring to?

**Mr. Henderson:** That's *exactly* what I'm referring to, David. Eight overages! And that’s just what you’re counting. Every month it’s a surprise bill. My kids are using their phones, my wife is on hers, and I occasionally stream some news. 10 gigabytes for four people? It’s clearly not enough, and it’s costing me a fortune in these silly overage fees. Honestly, with the amount I've paid in overages, I could probably have bought a new phone by now. And this isn't the first time I've had to call about issues, either.

**Agent David:** I understand your frustration, Mr. Henderson. I see your service history does indicate a few past calls related to various concerns. Data overages can definitely add up quickly, especially with four active lines. Each overage is typically charged at $15 per gigabyte, so I can see why your bills have been higher than expected.

**Mr. Henderson:** Exactly! So, what are my options? I need more data. A lot more. I’m tired of constantly monitoring everyone’s usage or getting hit with these charges.

**Agent David:** Absolutely. As a technical specialist, I can walk you through our current plan offerings to find something that better suits your family's usage. Based on those eight recent overages, it's clear 10GB shared is no longer sufficient.

Let me outline a few popular options for four lines:

*   **Our 20GB Shared Data Plan:** This would double your current allowance to 20 gigabytes for all four lines. For four lines, this plan would be approximately $230 per month.
*   **The Unlimited Lite Plan:** This plan offers unlimited data, but with a high-speed data cap of 50GB per line before speeds might be reduced during network congestion. For four lines, this would come out to about $280 per month.
*   **The Unlimited Pro Plan:** This is our premium unlimited plan with no high-speed data cap and includes perks like premium streaming quality and international roaming benefits. For four lines, this would be around $340 per month.

**Mr. Henderson:** Hmm. Okay. So, $230 for 20 gigs, or $280 for the 'Unlimited Lite.' What’s the catch with the Lite plan? ""Speeds might be reduced""? What does that mean in real terms? My kids complain enough already about buffering.

**Agent David:** That's a good question, Mr. Henderson. With the Unlimited Lite plan, after a single line uses 50GB of data within a billing cycle, their speeds could be temporarily slowed down if the network is experiencing heavy traffic in your area. For general browsing and standard definition streaming, it’s usually fine, but for high-definition video or online gaming, you might notice a difference. The Unlimited Pro plan, on the other hand, maintains full speed data regardless of usage or network congestion.

**Mr. Henderson:** Fifty gigs *per line*? That's quite a lot before it slows down. My kids are heavy users, but I don't think any of them hit 50 gigs individually. It's usually a shared problem when we go over the 10GB.

**Agent David:** That's very likely the case. The 10GB shared is quite restrictive for four users these days. Most families find that even if one or two lines are heavy users, the total shared pool gets depleted quickly. Moving to 50GB *per line* before potential throttling would be a significant increase in available high-speed data. Given your overage history, the Unlimited Lite at $280 sounds like it would prevent future overage charges entirely and provide ample data.

**Mr. Henderson:** $280… that's almost $100 more than I'm paying now. I understand I need to upgrade, but that’s a big jump. Is there anything in between the 20GB and the Unlimited Lite? Or any loyalty discounts for customers who've been with you for years, especially with all these past issues?

**Agent David:** I'm showing that the 20GB shared plan at $230 and the Unlimited Lite at $280 are our next step-up options for four lines. Unfortunately, we don't currently have a plan offering between those two specific tiers. As for loyalty discounts, I'm checking... your account is already receiving our standard multi-line discount, which is factored into those prices I quoted. There aren't any additional, specific loyalty promotions available on your account at this moment that would further reduce the cost of an upgrade, I apologize.

**Mr. Henderson:** (Sighs) That's... disappointing. Given the number of times I’ve had to call in for various problems over the last year, I was hoping for a bit more flexibility. You can see all those complaints in my history, right? It just feels like I'm constantly fighting with my bill or your service.

**Agent David:** I do see the notes on your account regarding your past service issues, Mr. Henderson, and I certainly empathize with your frustration. We always aim for a seamless experience. While I can't apply an additional discount myself beyond what's already included, I can confirm that upgrading to a higher data plan will directly resolve the overage charges, which seems to be your primary concern right now. Eliminating those variable charges will provide much more predictability in your monthly bill.

**Mr. Henderson:** Predictability is good, but $280 is still a lot. So, what if I pick the Unlimited Lite, and then my kids somehow hit that 50GB cap? Do I get charged more?

**Agent David:** No, Mr. Henderson, absolutely not. With the Unlimited Lite plan, there are no overage charges whatsoever. Once a line reaches its 50GB high-speed threshold, if the network is busy, their speeds *might* be reduced, but you will never incur an additional charge for data usage beyond the $280 monthly fee. That's the main benefit of an unlimited plan – no more surprise bills due to data.

**Mr. Henderson:** Okay. No overage charges at all. That’s definitely appealing. The 20GB plan, I have a feeling we'd blow through that pretty quickly too, and then I'd be calling you again.

**Agent David:** That's a very valid point, Mr. Henderson. Based on your current usage patterns and the number of overages, the Unlimited Lite plan would indeed offer a much greater buffer and peace of mind.

**Mr. Henderson:** Alright, David. I suppose the Unlimited Lite plan is the way to go then. I'm not thrilled about the price increase, but I'm more tired of these surprise overage charges. Let's do that.

**Agent David:** Excellent, Mr. Henderson. I can process that upgrade for you right now. The Unlimited Lite plan for your four lines, at $280 per month. This change will take effect immediately, and your billing cycle will be prorated for the current month. You'll see the new plan reflected on your next bill statement.

**(Typing sounds)**

**Agent David:** Just confirming, the change has been submitted. You should receive a confirmation text message shortly with the details of your new plan. Is there anything else I can assist you with regarding your service today, Mr. Henderson?

**Mr. Henderson:** No, that's it for now, David. Thanks for the explanation, even if I still feel like I'm paying a premium for a problem that shouldn't have been one in the first place.

**Agent David:** I understand your sentiment, Mr. Henderson. I'm glad we could get you on a plan that eliminates those overage charges. If anything else comes up, please don't hesitate to call us back.

**Mr. Henderson:** Will do. Goodbye.

**Agent David:** Thank you for calling TriLink Telecom, Mr. Henderson. Have a good day.

**(Call ends)**",7,True,180,1,8
CALL_000006,C00040175,2025-07-08,09:06,agent_003,Maria Rodriguez,billing_inquiry,"**CALL TRANSCRIPT**

**Date:** 2025-07-08
**Time:** 14:15 PST
**Agent:** Maria Rodriguez (agent_003)
**Customer ID:** C00040175

**(Call begins with standard IVR prompts and hold music, followed by a transfer to agent.)**

**Maria:** Thank you for calling TriLink Telecom, my name is Maria. I understand you're calling about your bill today. Can I please get your full name and account number to start?

**Customer:** (Sighs audibly) Yeah, it's Mark Johnson. And the account number is C-double-zero-zero-four-oh-one-seven-five.

**Maria:** Thank you, Mr. Johnson. Just to confirm, is the primary account holder's name Mark Johnson, and could you please verify the last four digits of the social security number on file, or the full service address?

**Customer:** It's Mark Johnson. And it's 123 Maple Street, Anytown, CA.

**Maria:** Thank you for that, Mr. Johnson. I’m pulling up your account now. Okay, I see you have our Standard 100 Internet plan and a Limited 10GB mobile plan with four lines. What seems to be the issue with your bill today?

**Customer:** What seems to be the issue? Maria, my bill is almost *double* what it usually is! This is absolutely insane. It’s over $570! My usual bill is $256. How is this even possible?

**Maria:** I understand your concern, Mr. Johnson. Let me take a look at your latest statement. (Typing sounds) Okay, I see your current bill statement, issued July 1st. Your total charges are indeed $571. And yes, your previous month was $256. Looking at the breakdown… it appears there are significant data overage charges on your mobile plan.

**Customer:** Significant? Maria, what are you talking about? We have a 10GB plan for four lines. We don't stream movies on our phones all day. We're usually fine!

**Maria:** I'm showing here that for the billing period of June 1st to June 30th, your account accumulated 21 gigabytes of data overages across your four lines.

**Customer:** Twenty-one?! That's impossible! We've never gone over that much. We might go over by one or two gigs sometimes, and even then, I get an alert. I didn't get 21 alerts! This is ridiculous. How much is that costing me?

**Maria:** Our standard rate for data overages on your Limited 10GB plan is $15 per gigabyte. So, 21 gigabytes at $15 each would be an additional $315 added to your mobile service charge of $180. That brings your mobile total to $495, plus your $76 internet plan, for a total of $571.

**Customer:** Three hundred and fifteen dollars?! Are you serious right now? That's more than my actual plan! This is highway robbery! How can you even charge that much? And why didn't I get any warnings for 21 gigs?!

**Maria:** I understand your frustration, Mr. Johnson. The system usually sends alerts when usage reaches 75% and 100% of the pooled data, and then for subsequent overage blocks. I can definitely review the usage breakdown per line to see where the data was consumed, if you'd like. It's possible the alerts were sent but maybe overlooked, or to a specific line.

**Customer:** Overlooked? For 21 gigs? No way. This feels like a scam. I've had so many problems with TriLink recently. My internet speeds are constantly dropping, I've had outages, and now this. My bill is literally double, and you're telling me I just have to pay it?

**Maria:** I can see in your account history that you've reported some speed issues and an outage recently, and I apologize for any inconvenience that caused. As a billing specialist, I can primarily assist with the charges on your account. Regarding the data overages, the charges are applied automatically based on the data usage recorded by our network. I can confirm the usage was indeed recorded for the last billing cycle.

**Customer:** So what, I'm just out $315 because your system says I used data that I don't believe I used, or certainly wasn't warned about? This is unacceptable. I want those charges removed.

**Maria:** Mr. Johnson, I understand you feel the charges are unfair. While I can see your usage history, and confirm the data was consumed, I don't have the authority to waive such a large amount of usage charges. For a significant amount like 21 gigabytes, it's considered substantial overage. My system allows for a one-time courtesy credit in very specific circumstances, but usually for minor overages, not this volume.

**Customer:** So what are my options then? Just pay it? And what about my internet issues? Am I paying $76 for something that barely works half the time? This whole service is a rip-off.

**Maria:** For the internet issues, Mr. Johnson, I can make a note of your continued dissatisfaction, but you would need to speak with our technical support team to troubleshoot and address those specific performance problems. As for your mobile data, to prevent this from happening again, I would strongly recommend reviewing your mobile plan. With 21 gigabytes of overage, even if it's an anomaly, it indicates your current 10GB pooled plan might not be sufficient for your family's usage needs. We have unlimited data options that might be more cost-effective in the long run.

**Customer:** Anomaly? This is not an anomaly. This is a mess created by TriLink. I'm not paying for this. I can't afford to just suddenly pay an extra $300+. Is there anyone else I can talk to about this? A supervisor?

**Maria:** I can definitely look into upgrading your mobile plan for the *next* billing cycle to prevent future overages, Mr. Johnson. However, regarding the current charges, my manager may be able to review the account for any specific exceptions for the overage. It's not guaranteed they can waive the full amount, especially given the volume of usage recorded. I can certainly try to transfer you to a supervisor if you'd like to discuss the possibility of a partial credit for the overages, but please be aware there might be a hold time.

**Customer:** (Exasperated) Fine. Transfer me. This is ridiculous. And please note that if this isn't resolved, I'm canceling all my services. I've been a customer for years and this is how I'm treated?

**Maria:** I understand your frustration, Mr. Johnson. I've made a note of your concerns regarding both the data overages and your internet service issues. I'll connect you now to a supervisor who can further review the mobile data charges. Please stay on the line while I initiate that transfer for you. They will have access to all the notes we've discussed.

**Customer:** (Muttering) This better get sorted.

**Maria:** One moment please, Mr. Johnson.

**(Hold music begins. Call is now pending transfer to a supervisor for further review of the billing dispute.)**",4,False,256,2,25
CALL_000007,C00069465,2025-07-26,15:27,agent_006,Michael Brown,technical_support,"**Call Transcript**

**Date:** 2025-07-26
**Time:** 10:17 AM EST
**Agent:** Michael Brown (agent_006)
**Customer:** C00069465

**(Call begins with standard IVR navigation, customer presses options for technical support)**

**Agent (Michael):** Thank you for calling TriLink Telecom, my name is Michael. How can I assist you today?

**Customer:** Yeah, hi Michael. I'm calling because my internet is completely unreliable again. This is ridiculous.

**Agent (Michael):** I'm very sorry to hear that, sir. I understand how frustrating unreliable internet can be. Can I please get your full name or account number so I can pull up your details?

**Customer:** It's [Customer Name - redacted for privacy], and my account ID is C00069465.

**Agent (Michael):** Thank you, Mr./Ms. [Customer Name]. One moment while I access your account.

**(Michael types, a brief pause)**

**Agent (Michael):** Alright, I've got your account here, C00069465. I see you have our Premium Gig Internet service, Unlimited Standard Mobile for four lines, and our full security monitoring package. Your total monthly bill is around $501. Is that correct?

**Customer:** That's correct. And for that kind of money, I expect a premium service. But my internet has been cutting out, dropping speeds, and just generally performing terribly for the last few days. It's almost like dial-up sometimes.

**Agent (Michael):** I completely understand your concern, especially with the Premium Gig service you have, which should be providing you with 1000 Mbps. Let me quickly review your service history.

**(Typing sounds, another brief pause)**

**Agent (Michael):** Okay, I'm seeing two recent service incidents logged for your internet service within the last two months – one on June 12th and another on July 3rd, both related to localized network stability. Is this the sort of issue you're experiencing now, or is it something different?

**Customer:** It feels like a continuation, honestly. After the last outage, it seemed fine for a week or so, but then it started getting intermittent again. Today, it's particularly bad. My wife is trying to work from home, the kids can't stream anything without buffering every five minutes. It's just... dead spots, slow loading, then it'll just drop completely for a minute or two.

**Agent (Michael):** I see. So, it's not a complete, prolonged outage, but more of an intermittent connectivity and speed degradation issue. Can you confirm if you've already tried power cycling your modem and router? That's often the first step to reset the connection.

**Customer:** Yes, Michael, of course I have. I did that twice this morning already. I've unplugged it, waited a minute, plugged it back in. Same result. I've even tried plugging directly into the modem with my laptop, bypassing the router, and still experiencing issues.

**Agent (Michael):** Thank you for confirming that, that helps narrow things down. Let me run a diagnostic check on your line from my end right now.

**(Silence for about 20-30 seconds, typing)**

**Agent (Michael):** Okay, according to our system, the signal levels to your modem appear to be within optimal ranges at this moment. There are no active area-wide outages reported in your specific neighborhood at this time either. However, I am seeing some error correction attempts and a few dropped packets on your line history, which aligns with the intermittent issues you're describing.

**Customer:** So, what does that mean? It's not my equipment, it's not an area outage... but it's still not working.

**Agent (Michael):** Given the history of the previous network incidents, combined with the current line diagnostics showing some instability, even if signal levels are currently ""optimal,"" it strongly suggests a more persistent issue that's beyond remote troubleshooting. It could be something with the physical line connection to your home, an aging component in your outside box, or something further up the street that's not triggering a full area outage but is affecting your specific connection.

**Customer:** Are you telling me I need a technician visit *again*? This is the third time I've had to deal with significant internet problems in as many months. I work from home, my kids do online learning – this isn't just an inconvenience, it's impacting our daily lives. I'm paying $106 a month for 1000 Mbps, and I'm probably getting 50 Mbps half the time.

**Agent (Michael):** I completely understand your frustration, Mr./Ms. [Customer Name]. And I appreciate you trying the troubleshooting steps already. Based on everything we've discussed and the diagnostic data, a technician visit would indeed be the most effective next step to properly diagnose and resolve this. They'll be able to perform on-site tests, inspect the physical wiring, and check the equipment to pinpoint the exact cause of these intermittent problems.

**Customer:** So when can someone come out? And what happens if they don't fix it? Am I just supposed to keep calling and scheduling visits? This is getting ridiculous.

**Agent (Michael):** I hear you. Let me check the earliest available appointments in your area.
**(Typing)**
It looks like we have an opening for tomorrow, July 27th, between 1 PM and 5 PM. Would that work for you?

**Customer:** Tomorrow afternoon is fine, I suppose. But I'm going to be very clear, Michael. If this isn't resolved, I'm going to be looking at other providers. This is simply not the service quality I expect for the price I'm paying. And honestly, I think I deserve some kind of credit for the repeated issues and the inconvenience.

**Agent (Michael):** I understand your position, and I want to assure you we aim to provide the best possible service. I've scheduled the technician for tomorrow, July 27th, between 1 PM and 5 PM. You'll receive a confirmation text message shortly with the details. The technician will call you when they're en route. Regarding a credit, I can definitely process a credit to your account for the recent service disruption and inconvenience. Let me see what I can apply for you right now.

**(Michael types for a moment)**

**Agent (Michael):** Okay, I've just applied a $25 service credit to your account for the ongoing issues. You'll see this reflected on your next billing statement. We take these recurring issues seriously, and I've also added a note to your account highlighting the repeated nature of these problems, which the technician will see.

**Customer:** A $25 credit is... a start. But I really need this fixed, Michael. For good.

**Agent (Michael):** I completely agree. The technician's primary goal will be to identify the root cause and ensure a lasting solution. They are equipped with advanced tools and expertise for these types of complex, intermittent issues. Is there anything else I can assist you with today, apart from scheduling this visit?

**Customer:** No, that's it for now. Just get it fixed.

**Agent (Michael):** Absolutely, Mr./Ms. [Customer Name]. You'll receive that text confirmation shortly. Thank you for calling TriLink Telecom, and we appreciate your patience as we work to resolve this for you.

**Customer:** Thanks, Michael.

**(Call ends)**",7,True,501,3,2
CALL_000008,C00013753,2025-07-14,15:27,agent_010,Carlos Martinez,complaint_resolution,"**TriLink Telecom Customer Service Call Transcript**

**Date:** 2025-07-14
**Agent:** Carlos Martinez (agent_010) - Escalation Specialist
**Customer ID:** C00013753

---

**(Call begins with standard IVR prompts and hold music, then connects to Carlos)**

**Carlos:** Thank you for calling TriLink Telecom, my name is Carlos Martinez. I understand you're calling about a formal complaint. Can I please get your full name and account number to start?

**Customer:** Yeah, finally. It's Sarah Jenkins, and my account number is C00013753. I've been on hold for like, twenty minutes. This better be worth it.

**Carlos:** Thank you, Ms. Jenkins. I apologize for the wait. Let me just pull up your account here... Okay, I see your details. Sarah Jenkins, account C00013753. And yes, it looks like you've been transferred to our escalation department. What can I assist you with today regarding your complaint?

**Customer:** ""Assist me""? Carlos, I'm at my wit's end. I'm calling to officially complain about *everything*. Seriously. My internet is basically dial-up half the time, it cuts out constantly, and my mobile bill is through the roof with overage charges every single month. I have four lines on that mobile plan, and it's impossible to keep under the data limit you give us.

**Carlos:** I understand your frustration, Ms. Jenkins. I'm showing a history of 14 recent service issues on your account, which is certainly concerning. Let's tackle these one by one. First, regarding your internet service: I see you're on our Basic_25 plan, which provides up to 25 Mbps. Your records show one speed complaint and three outages in the last two months alone. Is that consistent with what you're experiencing?

**Customer:** Consistent? It's worse! Twenty-five megs? I barely get five most evenings. My kids can't even stream their shows without it buffering every five minutes. And the outages? They're not just quick blips, Carlos. We're talking hours sometimes. I work from home part-time, and I've lost work because of it. I'm paying $47 a month for internet that barely works!

**Carlos:** That's absolutely not the experience we want for our customers, Ms. Jenkins. Let me check the network status in your area. *(typing for a few seconds)* Okay, I'm not seeing any active widespread outages in your immediate neighborhood right now, but I do see the previous outage reports. Given the recurring nature, and your reported slow speeds, it sounds like we need to get a technician out there to perform a full diagnostic check on your lines and equipment. Would you be available for a service appointment sometime next week?

**Customer:** A technician? Again? We just had one out three months ago for the same thing! He said everything looked fine, but it clearly isn't. And I can't keep taking time off work to wait for someone.

**Carlos:** I understand your reluctance, Ms. Jenkins. However, for recurring issues like this, an on-site visit is often the most effective way to identify the root cause, whether it's external line issues, modem problems, or even something internal in your home network. I can schedule it for you, and we can narrow down a time window so you don't have to wait all day. As an immediate step, I can also process a prorated credit for the recent documented outages you've experienced. How does $15 sound for the inconvenience?

**Customer:** *(Sighs)* Fine. Do what you need to do about the technician. Just make sure they *actually* fix it this time. And thank you for the credit, but honestly, it feels like a drop in the bucket compared to what I'm dealing with.

**Carlos:** I understand. I'll make a note of your technician preference and we'll confirm the appointment details via text message shortly after this call. Now, let's address your mobile service concerns. You mentioned excessive data overages. Your account shows you have our Limited_5GB mobile plan for four lines, costing $142 a month, and I'm seeing ten instances of data overage charges in the past six months alone. Is that correct?

**Customer:** That's exactly it! Ten times! And each one is like, an extra $15 or $20, sometimes more. It pushes my bill over $200! I'm paying $189 normally for all this, and then with the overages, it's just too much. I'm on a tight budget, Carlos. I can't afford these surprises. How are four people supposed to live on 5 gigabytes of data? My kids need it for school, I need it for appointments...

**Carlos:** Ms. Jenkins, I hear you, and those additional charges can certainly add up, especially on a fixed budget. Let me explain the data plan. The Limited_5GB plan is indeed a shared data pool for all four lines. With current usage patterns, 5 gigabytes is quite a low amount for four active users, especially if streaming video, using social media heavily, or for schoolwork that might involve video calls or large downloads. Our system automatically charges $15 for each additional gigabyte block consumed beyond the initial 5GB. This is why you're seeing those recurring overage fees.

**Customer:** But what am I supposed to do? I can't just tell my kids not to use their phones! And it's not like I'm sitting there watching Netflix on my mobile data. This plan used to be fine a couple of years ago, but now it's just impossible.

**Carlos:** It sounds like your data needs have outgrown your current plan, which is very common as usage habits evolve. Given the frequency and cost of these overages, you're essentially paying for a more robust plan already, but without the benefit of a larger data allocation upfront. We have a couple of options we could explore. For example, our Mid-Tier_20GB plan, which gives you 20 gigabytes of shared data for four lines, is currently priced at $170/month. While it is an increase from your current $142, it might actually save you money in the long run by eliminating those frequent overage charges.

**Customer:** $170? Carlos, my total bill is already $189, and I told you, I'm on a low income! Now you're telling me I have to pay *more* just to get a service that actually works? This is ridiculous. Why can't you just give me more data for the same price? Or at least waive some of these past overage charges, since this plan is clearly not working for me?

**Carlos:** I understand your financial constraints, Ms. Jenkins, and I wish I could simply adjust the data for your current plan without a change in cost, but our pricing structures are tied to the data allocation. Regarding past overages, those charges reflect actual data consumption that occurred outside your plan's limit, so I don't have the authority to waive them entirely. However, what I *can* do, given your long history as a customer and the issues you've raised, is apply a one-time courtesy credit of $30 towards your next mobile bill to help offset some of the recent overages, should you consider upgrading your plan. I also recommend reviewing data usage on each line through the My TriLink app, which can help identify which lines are consuming the most data and allow you to adjust habits.

**Customer:** *(Frustrated sigh)* So, I either keep paying these huge overages, or I pay even more per month, which I can barely afford, just to stop the overages. This feels like a lose-lose situation, Carlos. I feel trapped.

**Carlos:** I truly understand that perspective, Ms. Jenkins. My goal here is to find a solution that stops the financial drain of recurring overages. The 20GB plan would likely be more cost-effective for your usage. There aren't any hidden fees; that $170 would cover the 20GB. I'm happy to walk you through the My TriLink app features for data monitoring, or even send you some links on how to optimize phone settings to reduce data usage if you'd prefer to try and manage with the current 5GB plan. The upgrade isn't mandatory, but it's the most direct way to eliminate the overage charges.

**Customer:** Just... just put me down for that technician, then. And the internet credit. I need to think about this mobile plan. It's just too much money to decide right now. And about the formal complaint – is this all there is? Just a credit and a technician?

**Carlos:** Ms. Jenkins, the formal complaint process is initiated once we've reviewed your concerns and attempted to resolve them. Everything we've discussed today – the internet technician appointment, the internet credit, and the detailed discussion of your mobile data issues and proposed solutions – will be documented thoroughly as part of your complaint record. I will also forward this detailed summary to our Customer Experience Review team for their review, which is the next step in a formal complaint. You will receive a reference number for this complaint via email shortly. They will review all your previous issues and today's discussion.

**Customer:** So, someone else will call me then?

**Carlos:** They may, if they require further information, or they may simply process the complaint internally. The actions we've agreed upon today, like the technician visit and the credits, are the primary immediate resolutions we can offer. The formal complaint process ensures your feedback is heard at a higher level and informs our internal service improvements.

**Customer:** Alright. Just... please make sure that technician actually shows up and fixes the internet. And I'll think about the mobile data. I really don't like this. This has been a terrible experience with TriLink.

**Carlos:** I truly am sorry for the ongoing issues you've faced, Ms. Jenkins. I've documented everything clearly, and I'll ensure the technician notes reflect the urgency of a permanent fix for your internet. You'll receive a text with your technician appointment details and a separate email with your formal complaint reference number shortly. Is there anything else I can assist you with today, even if it's just clarifying data management tips?

**Customer:** No, that's enough for now. Thank you, Carlos.

**Carlos:** You're welcome, Ms. Jenkins. Thank you for reaching out and allowing me to assist you. Have a good day.

**Customer:** You too. *(Call disconnects)*

---",6,True,189,2,14
CALL_000009,C00091945,2025-08-30,08:03,agent_005,Lisa Wang,service_cancellation,"**(Call Start: 2025-08-30, 10:15 AM EST)**

**Agent (Lisa Wang):** Thank you for calling TriLink Telecom, my name is Lisa, how can I help you today?

**Customer (Robert Miller):** Yeah, hi Lisa. My name is Robert Miller, and I'm calling because I want to cancel my service.

**Agent:** Okay, Mr. Miller. I understand you're looking to cancel. Before we proceed, can I just get your account number or the phone number associated with your account for verification, please?

**Customer:** It's C00091945. And my phone number is 555-123-4567.

**Agent:** Thank you, Mr. Miller. Just a moment while I pull that up for you.
*(typing sounds)*
Alright, Mr. Miller, I have your account pulled up. Robert Miller, age 51, with our Premium Gig internet service at $105 a month, and two lines on our Unlimited Standard mobile plan for $128. Totaling $233. Is that correct?

**Customer:** That's right. And that $233 is exactly why I'm calling. I'm paying a premium price for internet service that isn't premium at all. I had an outage, a complete outage, just last week, for almost 8 hours. And frankly, this isn't the first time.

**Agent:** I understand your frustration, Mr. Miller. Let me just take a look at your service history here.
*(typing sounds)*
Yes, I see a reported service interruption in your area on August 22nd, affecting internet services. It shows it was resolved within our estimated timeframe.

**Customer:** ""Estimated timeframe""? Lisa, I work from home. Eight hours without internet is not an ""estimated timeframe,"" it's eight hours of lost productivity. I pay $105 for 1000 Mbps internet because I *need* reliability, not because I enjoy paying for downtime. This is unacceptable.

**Agent:** I certainly hear you, Mr. Miller. It's definitely disruptive when your service isn't working, especially when you rely on it for work. I see you've been a loyal customer with our Premium Gig plan for a while now.

**Customer:** Loyal? I'm frustrated! This isn't the first time I've had issues. My mobile service is fine, but the internet has been... spotty. And that outage last week was the final straw. What's the point of paying for gigabit speeds if I can't even get online? I've been looking at other providers in my area, and frankly, some are offering similar speeds for less, and without the recent outage history.

**Agent:** I completely understand you're evaluating your options, Mr. Miller. We definitely value your business. Before we talk about cancellation, I want to make sure you're aware of all the benefits you're getting with TriLink, especially with your Premium Gig plan. Beyond the speed, we offer priority technical support and advanced security features that are built right in. And our Unlimited Standard mobile plan is quite competitive for two lines, offering truly unlimited data.

**Customer:** Lisa, I know what I'm paying for. I signed up for those benefits. What I'm *not* getting is reliable service. I don't need priority tech support if the service isn't going out in the first place. I just need it to *work*. If TriLink can't guarantee that, then what am I paying for?

**Agent:** I understand your primary concern is reliability, Mr. Miller. I can certainly look into any other past issues you might have experienced to see if there's a pattern, though I only see the one significant outage logged recently. Sometimes, local equipment can also contribute to performance issues. Have you tried power cycling your modem and router recently?

**Customer:** (Sighs) Yes, Lisa. I've done all that. This isn't a ""power cycle your modem"" issue; this was a complete network outage in my entire neighborhood. Your own service alert confirmed it. I'm not looking for troubleshooting right now; I'm looking to cancel because I've lost faith in the service.

**Agent:** I see. Well, as a sales specialist, my main role is to ensure our customers are on the best possible plans for their needs, and sometimes that means making adjustments to your current services. Would you be open to hearing about a few options we might have to improve your experience or perhaps bundle services in a way that provides more value? For instance, sometimes our customers find that upgrading their mobile plan to our Unlimited Premium for a slight increase gives them additional hotspot data they can use during an internet outage, almost like a backup.

**Customer:** Lisa, with all due respect, I'm not looking to upgrade my mobile plan to mitigate poor internet service. That sounds like I'd be paying more to cover for TriLink's deficiencies. I already have premium internet and two unlimited mobile lines. I'm paying $233 a month! I just want my internet to work, and if it can't, then I want to take my business elsewhere. Is there any way TriLink can offer a discount or a credit for the outage, or perhaps guarantee better service uptime?

**Agent:** Mr. Miller, I understand your point. Regarding a specific credit for the outage, typically, those are automatically applied to accounts in affected areas after a certain duration of service loss, or handled by our billing department if not automatically processed. I can certainly check if one was processed for your account, but as a sales specialist, I don't directly handle the processing of those credits or service guarantees myself. My focus is more on finding the right plan fit for you.

**Customer:** So, you can't help me with the credit or with the reliability issue directly, you can only try to sell me something else? That's what I'm hearing.

**Agent:** I apologize if it's coming across that way, Mr. Miller. My goal is to prevent you from leaving TriLink, and I'm trying to explore all options within my authority. I can see if there are any promotional offers on your current Premium Gig plan that might reduce your monthly bill, or perhaps ensure you're getting the best value for your mobile lines as well.
*(typing sounds)*
Looking at your account, Mr. Miller, you're currently on the standard rate for the Premium Gig. We do have a bundled offer for new customers that combines internet and mobile. While you're not a new customer, sometimes we can apply similar benefits. If we were to adjust your internet plan to, say, our Ultra_Fast 500 Mbps plan, and kept your mobile as is, you could save around $20 a month, and 500 Mbps is still incredibly fast for most home uses, even working from home.

**Customer:** 500 Mbps? Lisa, I have the 1000 Mbps plan because I *need* 1000 Mbps. I have multiple users, streaming, gaming, large file uploads for my work. Downgrading my speed to save $20 while still dealing with potential outages is not a solution for me. I'm paying for top-tier service. And frankly, $20 isn't enough to make me overlook the frustration. What about that credit you mentioned? Can you at least check on that?

**Agent:** Yes, Mr. Miller, I can definitely check for any outage credits. Just a moment...
*(typing sounds)*
It appears a credit of $10.50, which is approximately 10% of your monthly internet bill, was automatically processed and applied to your account on August 25th for that outage. It will reflect on your next bill.

**Customer:** $10.50? For eight hours of lost work and the frustration of dealing with this? That's barely anything. That doesn't address the core problem. So, to recap, you're telling me I can downgrade my service and save a little, or I can get a minimal credit for an outage, but you can't actually do anything to improve the reliability or offer a significant retention offer on my current plan to make me reconsider canceling?

**Agent:** Mr. Miller, I completely understand your disappointment with the credit amount and that it doesn't fully address your primary concern. As a sales specialist, my tools are primarily focused on optimizing your service package. For deeper retention offers that aren't publicly available or to escalate concerns about ongoing reliability issues beyond what I can see on your account, that would typically fall under our Customer Retention or Technical Support departments.

**Customer:** So, what you're saying is I've called the wrong department to cancel? Or to get help with my problem?

**Agent:** No, not at all, Mr. Miller. I can certainly process your cancellation if that's what you ultimately decide. However, if you're open to speaking with a specialist who has more authority regarding retention offers or can delve deeper into network reliability concerns and potentially schedule a technician visit if there are underlying issues beyond the general outage, I would be happy to transfer you to our Customer Retention team. They might have more flexibility with pricing or be able to offer a more in-depth review of your service quality.

**Customer:** (Sighs) Fine. Transfer me then. I'm just tired of this. I'm not holding out much hope, but sure, let's try that.

**Agent:** Absolutely, Mr. Miller. I'll make sure to provide them with all the details of our conversation so you don't have to repeat everything. Please hold for just a moment while I transfer you. You should hear a short tone, and then another agent will pick up.

**Customer:** Alright.

**Agent:** Thank you for your patience, Mr. Miller.
*(Hold music begins)*

**(Call End - Transfer initiated)**",4,False,233,2,1
CALL_000010,C00027613,2025-08-05,11:56,agent_003,Maria Rodriguez,billing_inquiry,"**Call Transcript**

**Date:** 2025-08-05
**Time:** 10:17 AM EST
**Agent:** Maria Rodriguez (agent_003) - Billing Specialist
**Customer ID:** C00027613
**Customer Name:** Mr. Robert Harrison (implied from profile)
**Service:** Internet: Premium_Gig (1000 Mbps) - $107/month, Mobile: Unlimited_Standard - 1 line - $74/month. Total: $181/month.

---

**[Call begins with standard IVR prompts and hold music, then transfers to agent]**

**Maria Rodriguez:** Thank you for calling TriLink Telecom, my name is Maria. How can I help you today?

**Mr. Harrison:** Yes, hello Maria. My name is Robert Harrison, and I'm calling about my latest bill. It's… well, it's just not right.

**Maria Rodriguez:** Alright, Mr. Harrison. I can certainly look into that for you. Can I please start by asking for your account number or the phone number associated with your TriLink services?

**Mr. Harrison:** Sure, it’s C-double-zero-zero-two-seven-six-one-three. And my main number is (555) 123-4567.

**Maria Rodriguez:** Thank you, Mr. Harrison. Just a moment while I pull up your details… Okay, I see your account here. Robert Harrison, active services include the Premium Gig Internet at $107, and one Unlimited Standard mobile line at $74. Your total monthly bill is indeed showing $181. Is that correct?

**Mr. Harrison:** That's the amount I *usually* pay, yes. But I’m looking at this month’s statement, and frankly, I’m rather annoyed. I had significant issues with my internet speed last month – it was nowhere near the 1000 Mbps I pay for. I spent almost an hour on the phone with your technical support on, let me see… July 22nd. They confirmed there was an issue and said they'd resolve it. And frankly, I was expecting some kind of credit on this bill. There’s absolutely nothing here.

**Maria Rodriguez:** I understand your frustration, Mr. Harrison. Let me check the notes from your previous interaction. One moment please…
**[typing sounds]**
Maria Rodriguez: Okay, I see a service ticket, number TRK-9876543, logged on July 22nd regarding intermittent slow speeds for your Premium Gig internet service. It shows here the issue was… marked as resolved on July 24th, following a network optimization in your area.

**Mr. Harrison:** ""Resolved""? It was resolved for a day or two, then the speeds dipped again! And regardless, I was without the promised service for several days. I explicitly asked about a credit for the disruption, and I believe I was told it would be looked into. To see a full $107 charge for internet that wasn’t performing as advertised… that’s unacceptable.

**Maria Rodriguez:** I apologize that you're still experiencing issues, Mr. Harrison. Looking at the notes for that specific ticket, while the problem was noted and closed, I don't see any record of a credit being approved or processed by the technical department for that particular incident. My system shows your internet charge of $107 and mobile charge of $74 as standard for your plans, with no applied discounts or adjustments for this billing cycle.

**Mr. Harrison:** So you’re telling me I just have to pay for service I didn't receive? That’s not how this works. If my internet is supposed to be 1000 Mbps, and it’s consistently at 300 or 400 for a week, that's a breach of contract on your end. I pay a premium for that speed.

**Maria Rodriguez:** I hear your concern, Mr. Harrison. As a billing specialist, I can process credits and adjustments if they've been authorized or if there’s a clear billing error. However, a credit for a service performance issue, especially one that was technically ""resolved"" by our system, usually needs to be initiated or approved by our technical support or a supervisor who can validate the service disruption more directly.

**Mr. Harrison:** So I have to call technical support *again*? After I already spent an hour with them and was told it would be handled? This is exactly the kind of runaround that makes customers leave!

**Maria Rodriguez:** I understand that it's frustrating to repeat information, sir. What I can do on my end, since there's no pre-approved credit, is one of two things:
First, I can transfer you directly to our technical support team to re-open that service ticket and discuss a potential credit with them, as they have the tools to verify past performance and authorize those specific types of adjustments.
Or, secondly, I can submit an internal request for a supervisor review regarding a potential goodwill credit, given your history and this recent complaint. They would then review the past service ticket and determine if a credit is warranted. This might take 2-3 business days for them to review and get back to you.

**Mr. Harrison:** A goodwill credit? I don't want a ""goodwill credit,"" I want a credit for the service I didn't receive! This isn't charity. And I certainly don't want to spend another hour on the phone with technical support explaining this all over again.

**Maria Rodriguez:** I understand, sir. Unfortunately, without a direct authorization for a service credit in your account notes from that prior interaction, my authority as a billing specialist is limited to existing charges or a supervisor-approved adjustment. The supervisor review would be my best option from this department without involving technical support again directly on this call. They would be able to look at the entire context of your previous ticket and performance logs.

**Mr. Harrison:** (Sighs) Fine. Submit the request for a supervisor. But I expect a prompt response and a resolution that actually reflects the issue. What’s the reference number for this request? And how will I hear back?

**Maria Rodriguez:** Absolutely, Mr. Harrison. I'm creating that request for a supervisor review now. The reference number for this interaction, and your review request, will be SR-TRI-20250805-001. A supervisor will review the details within 2-3 business days, and they will typically contact you via phone or email, based on your preferences listed on the account. They will explain their decision regarding any potential credit.

**Mr. Harrison:** And if I don't hear back, or if the decision isn't satisfactory?

**Maria Rodriguez:** If you don't hear back within three business days, please feel free to call us back and reference SR-TRI-20250805-001, and we can check the status of the review. If the decision isn't satisfactory, we can then discuss further options, possibly including re-engaging with technical support for a deeper dive into your service history if needed.

**Mr. Harrison:** (Frustrated tone) This is… quite a process for a simple credit. Just ensure it gets looked at properly. I've been a TriLink customer for years, and frankly, this is not the service I expect.

**Maria Rodriguez:** I completely understand your sentiment, Mr. Harrison. I've documented all your concerns thoroughly in the request. I truly apologize for the inconvenience and frustration this has caused. Is there anything else I can assist you with regarding your bill today?

**Mr. Harrison:** No, I suppose not. Just… make sure that review happens.

**Maria Rodriguez:** I will certainly do my best to ensure it gets the attention it needs. Thank you for your patience, Mr. Harrison, and for calling TriLink Telecom.

**Mr. Harrison:** Goodbye.

**Maria Rodriguez:** Goodbye.

**[Call ends]**",5,False,181,2,1
